elevation,avg_traffic_speed,pollution_level,population_density,road_quality_index,proximity_main_roads,weather_condition_index,type_of_terrain,zone_classification,time_of_day
37.454011884736246,10.31238688359326,212.17159029401958,3791.3159796451127,2.726805922468686,261.70568373590595,4.065437499231625,Commercial Area,Commercial,Morning
95.07143064099162,90.25529066795667,45.7617128742784,122.93458229400755,3.9103440590396867,246.97879907199982,1.6454069996288592,Road,Industrial,Evening
73.1993941811405,50.525237244785714,172.88650805004394,110.61775764498627,3.039907620042892,906.2545805210367,4.686660054057088,Commercial Area,Industrial,Night
59.86584841970366,82.64574661077417,182.01451391485676,1618.0510957477063,4.194966752487436,249.5461998495061,3.800957455570542,Road,Commercial,Night
15.601864044243651,32.00496010306117,127.2392013907158,2443.2159520233286,1.6248145847148403,271.94972612863097,7.094085757615084,Park,Residential,Afternoon
15.599452033620265,89.55232284962005,220.93327068741684,3852.037089038966,5.671538118174434,759.3982624179637,6.452013245074213,Road,Commercial,Morning
5.8083612168199465,38.92016787341631,280.3101044307044,3416.476883032526,1.6085130723299341,449.73984245054,4.28134355377786,Commercial Area,Commercial,Evening
86.61761457749351,1.083765148029836,277.6705538720329,2229.5135318837415,8.203208570401255,776.7105569551812,2.961032988294911,Commercial Area,Residential,Morning
60.11150117432088,90.53819764192636,135.25181142123964,1368.1333314083295,3.103408737193897,65.36615756438525,9.892323695400327,Road,Commercial,Morning
70.80725777960456,9.128667678613356,33.971413752226574,4985.622500788556,5.860107231440596,487.5711936733843,5.086014590765034,Residential Area,Commercial,Afternoon
2.0584494295802447,31.93136375904149,295.45235968870037,2130.9065111798645,8.920711788053124,33.613600183282635,7.194468122022133,Park,Commercial,Morning
96.99098521619943,95.0061967050805,251.66942593378025,2256.9351216483774,6.8578963214247475,62.65320345535452,2.264976708205247,Park,Residential,Evening
83.24426408004217,95.06071469375561,37.39880436098005,818.1191059583459,5.796620078962018,906.437453344411,5.37030729693458,Commercial Area,Industrial,Evening
21.233911067827616,57.34378881232861,276.2525647852117,3974.047743749647,3.9190037780383804,139.24537111759517,1.2478304788251893,Residential Area,Industrial,Afternoon
18.182496720710063,63.183721216979926,260.96890861863847,3468.411128907443,3.9970172175237813,532.4206822752171,5.549096061194049,Road,Residential,Morning
18.34045098534338,44.84455219783198,155.65141713782162,1103.848063943802,7.025382596783711,411.09560260070657,9.67615666405932,Park,Industrial,Evening
30.42422429595377,29.321077169806454,177.38263072347877,411.9052280792135,9.947254250990508,347.3433262588427,4.457860416872202,Residential Area,Commercial,Morning
52.475643163223786,32.8664545369916,119.70081116103908,3402.4965103735653,6.9565527086444074,899.8333456872724,1.3509641131742043,Park,Industrial,Morning
43.194501864211574,67.25184560770384,16.4284916466094,3272.556071405676,6.020050756330225,21.8233967754895,1.2786021182740916,Residential Area,Commercial,Morning
29.122914019804192,75.237452943768,100.55917249377028,1366.2976349910466,7.575854592153215,663.789686175589,4.4918808395218255,Residential Area,Industrial,Afternoon
61.18528947223795,79.15790437258485,240.85603457940343,4754.317811252052,5.186850510553463,963.3944342135504,2.4402244281687464,Commercial Area,Residential,Morning
13.949386065204184,78.96181427945538,1.3896069013808576,755.2894589045012,1.541281083407067,560.168183461842,1.2101688669536732,Park,Industrial,Evening
29.214464853521815,9.120610304869036,100.04975150734326,2161.6740052130094,6.0606713429011885,936.8224620330918,7.805922525551591,Road,Industrial,Morning
36.63618432936917,49.442030470258146,119.450608077283,4718.079600837995,9.618627560548422,52.257879286023766,5.126707079937016,Commercial Area,Industrial,Evening
45.606998421703594,5.755876001664428,161.21868088137686,2098.6365846306117,2.577726481218937,418.7933190741614,3.603202947753891,Commercial Area,Residential,Morning
78.51759613930136,54.95288823237355,275.95668492382816,3192.629738320428,7.210044017385991,260.15779096205114,9.100748647148327,Road,Industrial,Evening
19.967378215835975,44.1530501373377,103.90379830978837,1987.9719898139713,2.8084031979315083,730.8209649807297,2.0452506418047305,Commercial Area,Residential,Evening
51.42344384136116,88.77041827582998,104.0859605688683,1371.0760117433501,5.822449160257731,981.2970904972467,9.603269460597874,Residential Area,Commercial,Morning
59.24145688620425,35.09150125520787,221.2503744329245,4919.888239799141,1.8700880468204766,256.5300624442478,3.8257004563961754,Residential Area,Industrial,Morning
4.645041271999773,11.706701642760587,135.66538226694215,2046.670031575215,5.053338426323666,654.1746014740745,8.995633050778132,Park,Residential,Evening
60.75448519014384,14.299168205283586,67.38144688199459,4470.496018395672,7.805469960057215,198.09763275974012,6.426485888315154,Park,Residential,Night
17.052412368729154,76.15106317174723,135.73185483980802,1149.773029455431,4.128143718150839,565.3302545716099,8.440366237673388,Road,Industrial,Afternoon
6.505159298527952,61.82180633162611,42.257106113939955,1065.5235201254166,6.984205520384962,463.9324866883362,9.856118468894179,Park,Commercial,Night
94.88855372533332,10.112267612279025,52.91609595186699,155.6704144225568,8.159049647107562,972.005329631537,3.5956489403687115,Residential Area,Residential,Night
96.56320330745594,8.410680611499743,149.51033182184392,3258.334126879425,9.344600375315075,608.5272726964665,9.650219368668337,Road,Industrial,Morning
80.83973481164611,70.096913145912,125.67763485136437,1842.6317186188057,3.111778736699082,349.50637208681877,4.505337054121783,Road,Commercial,Afternoon
30.46137691733707,7.276300636419353,274.45377032043,4321.791249198185,4.593843242283773,114.09578488793338,4.4696071426323005,Park,Residential,Night
9.767211400638388,82.18600592903562,108.71816973498993,2366.049533457786,2.371744119973757,151.24682873493455,4.063483938290551,Residential Area,Residential,Morning
68.42330265121569,70.62422271564962,174.17650508341305,4840.967139573609,9.932351519425376,225.3169299512351,5.872668466128267,Road,Commercial,Night
44.01524937396013,8.134878064189976,189.6792863758591,927.6275785156057,9.343008711318658,250.966661340298,2.387305388606384,Residential Area,Commercial,Night
12.203823484477883,8.483771408519193,3.928336976500091,4343.115839778054,5.859614172525037,850.6160578411378,5.983403368222101,Residential Area,Industrial,Morning
49.51769101112702,98.66395785011754,199.06121160501317,3882.9842639587087,8.578299649387791,561.2227882825249,5.875343311690036,Residential Area,Industrial,Morning
3.4388521115218396,37.427079575612034,53.41079006092543,3854.60922322026,5.6886217954483795,523.3909113743664,7.85711631344383,Park,Residential,Morning
90.9320402078782,37.06421470668909,288.32109524083654,4223.916140584438,6.612271192024838,114.76887186921746,8.50284965743827,Commercial Area,Commercial,Afternoon
25.87799816000169,81.27995672575025,44.598818325933884,3805.1199547149945,1.8021198890441497,860.139693349435,4.963972152811817,Commercial Area,Commercial,Night
66.2522284353982,94.72485773838586,124.38723711810712,3131.101608157077,7.797433784471272,722.8143032084837,3.7209992441634436,Road,Commercial,Morning
31.171107608941096,98.6001063822871,25.604900423593158,656.2243884119379,2.1494213527171135,67.66836190000159,3.33401407585385,Residential Area,Residential,Evening
52.00680211778108,75.33781852589416,299.0622755537842,162.6308974562596,8.434608672272756,707.8350972297686,2.7516145303438475,Park,Commercial,Night
54.67102793432797,37.62595855309158,150.65850309937278,4604.239239078434,8.038252789033473,543.538217342646,1.5188282397912238,Residential Area,Commercial,Evening
18.485445552552704,8.350071669866876,178.61550519601315,3083.2515726036904,7.378702279686788,81.72534574677826,4.08203180951242,Residential Area,Residential,Afternoon
96.95846277645586,77.71469159274368,20.122943216528245,3982.6864548808817,1.325443424722859,458.30064152865646,3.4322292291770493,Park,Industrial,Morning
77.51328233611146,55.840424973580504,224.98814111975335,2407.6117575627504,3.7281552035079573,484.696287130047,9.697756472797666,Commercial Area,Industrial,Evening
93.9498941564189,42.42220092469763,62.97167792867573,586.5409448119724,3.368013129197586,165.77454016327576,6.019379436250396,Residential Area,Residential,Afternoon
89.48273504276489,90.6354385094736,269.4162868322141,625.9289610127522,4.241227667243672,945.6981470002823,4.125493351274568,Residential Area,Commercial,Morning
59.78999788110851,11.119748230615134,61.54189214460215,3427.826436144857,1.7887847208745469,849.9753714806619,6.224208408943264,Commercial Area,Residential,Evening
92.18742350231169,49.262510429085914,57.20631619909997,2151.5294744973135,9.432620407279565,669.0223373291083,2.2527703121112594,Park,Industrial,Evening
8.84925020519195,1.1353644767419069,10.964900354428464,1002.6236335016836,5.9842201664113865,462.2955610006072,4.996393742819826,Road,Industrial,Afternoon
19.59828624191452,46.86606419941263,141.6200835329998,2457.9727337071845,3.749718795922212,411.7655415845085,6.636108892789575,Commercial Area,Residential,Morning
4.522728891053807,5.630327568183735,169.45233997878492,321.04468537567044,4.5728336536685505,650.9734671509542,5.400080486132063,Road,Residential,Morning
32.53303307632643,11.881791626807193,19.71259182850571,2909.857009571994,5.024822864543521,545.4318694069054,4.616009205888918,Road,Industrial,Evening
38.8677289689482,11.752624677710488,232.65828500850319,1344.9670221754884,6.405349000245556,62.27310588188561,9.944635500097284,Commercial Area,Residential,Evening
27.134903177389592,64.92103021160635,135.98665042440828,3987.7955031859406,5.6411148492684795,512.5026487703317,8.922832859340343,Residential Area,Industrial,Evening
82.87375091519293,74.60448792654233,157.31708079827402,1551.8097946178689,9.274527758929755,806.4036172328395,6.610653623434961,Road,Residential,Morning
35.67533266935893,58.336876509715964,132.22882408146845,2276.100745409006,5.472671346152472,459.2398775969581,6.124396250640545,Road,Residential,Afternoon
28.093450968738075,96.21725484745419,120.2289182625978,58.10269954050318,9.929422133409814,51.956577554268414,6.585944318421257,Park,Residential,Afternoon
54.26960831582485,37.48705795237041,167.89209939246535,362.2344389727944,8.662824619705862,786.2781993840331,2.8118089704018994,Residential Area,Industrial,Morning
14.092422497476264,28.571208628186074,46.57207377921375,1962.467782033424,2.8765946292160223,201.3637821359744,4.5562396893788675,Road,Residential,Night
80.21969807540397,86.85991281894603,54.57843914858134,2399.6941735856176,9.375356931795245,258.62083488803876,1.3551357960180939,Park,Industrial,Afternoon
7.455064367977082,22.359583851945263,258.53568630405516,3000.1027405965187,2.0472975809692846,164.70635343229588,5.27991433738144,Residential Area,Industrial,Evening
98.68869366005173,96.32225394406113,283.8346386400898,1458.312893546516,8.357047376420724,330.21506487149753,5.887221255618969,Commercial Area,Residential,Night
77.22447692966574,1.2154474689816341,111.99279488392588,3474.909430632713,4.4256096412892205,756.751505688635,3.0497476249288864,Commercial Area,Residential,Night
19.87156815341724,96.98788267076391,81.22340194306614,4300.611985946023,8.901768884005627,519.3858595039374,9.676259624489624,Park,Industrial,Afternoon
0.5522117123602399,4.315991195057611,193.19986297170473,3899.254944466749,8.812510210967053,204.88127415071256,9.185091498435177,Commercial Area,Industrial,Night
81.54614284548342,89.11431136980711,122.62025132942892,198.09412674178571,8.253328601058591,877.8300781520409,7.499289119103153,Road,Commercial,Night
70.68573438476172,52.77011090862999,7.615906698103458,2402.534736289145,8.110273926763552,879.5818549515292,5.800479658888263,Residential Area,Industrial,Afternoon
72.90071680409874,99.29647961193004,46.845779209857106,524.6508920908743,3.742112251882367,870.5784250460069,8.829722436829165,Road,Commercial,Afternoon
77.12703466859458,7.379656473539886,214.79166865421925,1210.2250793126373,1.7282735474612696,238.79621138153928,2.1758710944111663,Road,Commercial,Night
7.4044651734090365,55.38542844013208,197.6771825730454,4933.312966335732,4.626821608886453,451.2393441809881,8.114588148473965,Commercial Area,Commercial,Evening
35.84657285442726,96.9302535619099,8.128797751045047,712.4777145075661,2.561720634878578,984.9896561408751,2.1233873257016347,Road,Residential,Morning
11.586905952512971,52.30978441701488,66.59164857988483,2494.4407672567804,7.254559800122156,772.0124763099903,8.147895962944649,Commercial Area,Residential,Night
86.31034258755935,62.93986381352625,69.32243897642142,3090.7786715905954,4.11489753884007,27.167421225559817,3.481908114262213,Residential Area,Industrial,Night
62.329812682755794,69.57486889846172,201.56782307961853,3512.3248527205196,9.780491807739233,65.20459126049205,8.8938152291637,Residential Area,Commercial,Evening
33.08980248526492,45.454106476777326,5.913161326309247,2798.2434174345703,6.768748696107988,463.93137681233276,9.49637884442858,Road,Residential,Night
6.355835028602364,62.75580800840635,31.232574595372153,48.85423709591829,8.40232507270925,909.2202058615602,2.3391637246460406,Park,Residential,Night
31.09823217156622,58.43143119231002,239.97482561195682,1632.3065412199594,2.192722054676636,538.7017979527142,5.164080445588541,Commercial Area,Residential,Morning
32.518332202674706,90.11580104909889,53.563398616300084,2588.558216923557,8.758130340453603,497.8125080342902,9.828886403464166,Commercial Area,Residential,Morning
72.96061783380641,4.5446380341457875,195.82383235556242,439.3324957241668,9.30481471462055,105.47369995663058,5.35066692375832,Road,Residential,Morning
63.75574713552131,28.096318959223034,71.45483431401796,1753.1346560459037,5.3835572693704234,656.780104724294,8.771927702630906,Commercial Area,Commercial,Afternoon
88.72127425763266,95.04114840765587,29.832417827803546,166.01554395683283,6.456276439758797,822.1031606002255,6.298583699181878,Commercial Area,Commercial,Afternoon
47.22149251619493,89.02637838909163,72.95165729983623,392.8924857751037,7.883288208126959,380.42000750756233,4.377969171276417,Park,Commercial,Morning
11.959424593830171,45.56567527857129,216.68007955669773,1984.6163810079804,2.573547645343713,775.6118509253274,3.5720519997328317,Park,Commercial,Morning
71.3244787222995,62.013259780153675,256.7089404318857,663.5787702153018,5.523094688170982,964.4766539008116,2.8290078197747857,Road,Industrial,Afternoon
76.07850486168974,27.738118298113267,249.0659593700975,2837.7042413077907,4.587967249950818,203.7664591276891,7.856183722399275,Park,Commercial,Evening
56.127719756949624,18.81211597237613,119.15505888553645,3447.324845686329,2.317365929460242,523.3296311947413,4.478864561407251,Road,Residential,Night
77.0967179954561,46.36984049399822,200.42554097119384,4002.933495545414,4.307809800623783,287.13795808457553,5.60147915980676,Residential Area,Commercial,Night
49.379559636439076,35.33522280260528,61.495288624746294,1000.7512212240505,1.6135507844694421,792.8544190338393,5.430929320010637,Road,Industrial,Morning
52.27328293819941,58.365611185087204,87.94431907830398,837.4129112953487,1.232307162545383,577.5933658811575,6.195511263098181,Residential Area,Residential,Evening
42.75410183585496,7.773463696498483,268.90074555633595,522.8392016720013,2.2164966023934047,634.5824175503037,8.79019431062097,Road,Commercial,Afternoon
2.541912674409519,97.43948076661665,3.9005770532208106,3182.1512477181836,9.668036004302564,797.914159615894,9.826654092250864,Commercial Area,Commercial,Morning
10.789142699330444,98.62107444796028,25.652559256340425,3532.3786324345056,5.945765823055153,395.9704726624549,4.668257877164352,Park,Commercial,Evening
3.142918568673425,69.81617140197451,62.3658765438082,157.9307241282102,9.69239945037898,915.0900684070432,8.447670298956726,Residential Area,Residential,Evening
63.64104112637804,53.60963663441204,7.959661162145915,4681.061231218449,4.892480904971188,533.02886724614,7.8807501518924585,Road,Residential,Evening
31.435598107632668,30.952761628632775,54.4306305269392,259.85641825736207,3.806345197767336,157.954822835348,6.1617605631001595,Park,Industrial,Afternoon
50.85706911647028,81.37950197069486,174.91246829090764,2706.4816765053524,5.555276765562197,695.8991181688025,9.604424292507398,Road,Residential,Afternoon
90.7566473926093,68.47311725538793,126.42736517774938,3545.302597254582,4.955605197696191,793.2613504382545,2.804270639755625,Park,Residential,Night
24.929222914887493,16.26169393448913,267.8015133230925,4354.845618730428,1.9509821583556952,316.76167706752665,1.9833778927865926,Park,Commercial,Night
41.038292303562976,91.09271844938425,245.23306852153226,3570.434660662139,6.767436832211856,857.179256998753,8.6856577025988,Road,Residential,Evening
75.55511385430486,82.2537242923169,102.54520550936279,4008.6404153489593,2.9443436425863965,906.1432547657664,4.952348349703735,Residential Area,Commercial,Evening
22.879816549162246,94.9799913291924,77.82703002938774,1697.2509627140303,6.576291594080466,276.90448737780895,8.622719687863544,Residential Area,Commercial,Afternoon
7.697990982879299,72.571950838836,113.90772245018007,4074.125568732561,6.85180983158338,983.5214727152221,9.037811846758734,Commercial Area,Residential,Night
28.9751452913768,61.34151959357899,177.0884827544423,400.5742319233757,2.368223678157833,140.71152804875842,1.562118342571643,Park,Industrial,Evening
16.122128725400444,41.82430362906189,80.41909224686287,4474.083280302638,1.5521466439960134,202.01566840248998,8.951182866874547,Commercial Area,Industrial,Night
92.96976523425731,93.27284833540132,187.2446723547402,2737.961880768681,8.026854274615959,184.22483923802614,5.0348714983248,Commercial Area,Residential,Night
80.8120379564417,86.60638895004084,122.82349565737213,4086.4888498124683,5.138203813923882,893.9897100078704,5.59389240103809,Road,Industrial,Evening
63.34037565104234,4.521867010618941,165.61415425559406,2261.5914225915008,1.523474159549282,654.2925523249619,6.639332599838892,Road,Commercial,Afternoon
87.14605901877177,2.6366974497252005,130.837958740595,3217.8884759826246,9.953796854527905,152.10428322227287,9.33744346057078,Road,Commercial,Evening
80.36720768991145,37.64633668780496,88.3397278625753,2632.013304680566,1.5200250489672997,440.323418368349,1.1720448498678762,Park,Residential,Evening
18.657005888603585,81.0553330781833,284.535992088647,3657.9476087766593,7.255317059726979,615.2980250698021,5.291591214860354,Road,Industrial,Night
89.25589984899777,98.72761293149445,229.08173824792826,408.1499101529479,9.853110327370722,83.4640849893833,7.189498381875046,Road,Industrial,Evening
53.93422419156507,15.041689110352818,42.03395272993576,301.760419952819,3.1526209379433308,882.4163684073387,7.5043626192840565,Park,Commercial,Afternoon
80.74401551640625,59.41307153521351,260.54039276937385,1235.5161700507322,2.2802443181847654,803.6035354415352,7.232791883833972,Park,Residential,Evening
89.60912999234932,38.08908566310215,146.2293594748541,797.7234005659417,2.09246445480186,505.2067735766382,2.2099161646730967,Residential Area,Industrial,Afternoon
31.800347497186387,96.99143978146031,268.3656680682274,4358.917832961009,3.72947632810836,967.1266152591704,3.694560295345131,Road,Residential,Afternoon
11.005192452767677,84.21189231357087,239.95657678419457,1096.0699367902216,1.9094122990958202,417.7609792750997,4.228439728753122,Road,Industrial,Night
22.793516254194166,83.83287047111378,127.56405134077004,4879.326279095657,7.229452075247187,984.1103190364978,8.239934869115544,Road,Commercial,Morning
42.71077886262563,46.86931597949703,6.740792496035219,1684.4789588555343,1.5606261831705641,667.9199988036271,3.508838851730977,Residential Area,Commercial,Morning
81.80147659224932,41.48195023376652,80.60320781548383,910.5895784434964,5.584799153348108,634.6712732539414,2.8963446748048285,Road,Residential,Night
86.07305832563435,27.340707193070624,162.49026439826008,3948.4925357123957,9.970271684676792,165.954895295785,9.617032171342865,Residential Area,Commercial,Evening
0.6952130531190703,5.6375496650927115,190.04346594784417,3293.5388775043807,8.325732425554168,881.9277583046439,1.07976956602122,Commercial Area,Industrial,Night
51.07473025775657,86.47223762550531,77.36630562996069,2490.978582265695,6.536974944079098,427.48968792061515,9.980387701137804,Residential Area,Commercial,Afternoon
41.7411003148779,81.29010091300776,41.80682222184724,2776.817754688156,3.756282587079505,162.23340578247937,7.091391689716561,Commercial Area,Residential,Morning
22.210781047073024,99.97176732861305,250.47907103978974,3596.008891361319,6.6150625266247465,12.60751997575904,8.456223695042054,Road,Residential,Night
11.98653673336828,99.66368370739053,295.32065421106563,1142.2737066564937,5.743373175204865,559.7556836383826,3.6515745671157385,Commercial Area,Residential,Evening
33.7615171403628,55.543170560262745,157.70705469080576,4981.669580283709,4.834750455013343,527.3996221226763,1.1288374990035397,Residential Area,Industrial,Night
94.29097039125192,76.89874151805105,51.50378575449105,4873.9658107339155,2.1763933906617954,719.3536223691585,7.64082566705377,Park,Industrial,Morning
32.320293202075526,94.47657298824281,81.69219795581068,3251.6284317346845,8.9794379371642,890.2580530178021,8.507301373006083,Commercial Area,Industrial,Night
51.87906217433661,84.96473906774115,5.51720296424002,997.7122546457257,5.048061839391902,79.40658464302952,7.664285187581672,Commercial Area,Industrial,Night
70.30189588951778,24.734810174319765,274.2896419681497,3401.1412121564567,2.7516026063868857,731.4964903403624,2.285652585707547,Road,Industrial,Morning
36.3629602379294,45.05441353100935,35.32532486704234,360.9920448958792,4.309834157895606,187.41194409758222,7.7808513003127215,Residential Area,Commercial,Afternoon
97.17820827209607,12.915941515149498,172.95494265427607,153.26251102903032,4.727167772760343,858.177053157164,7.920305038968769,Commercial Area,Industrial,Afternoon
96.24472949421113,95.40510272587224,82.2165662061618,1288.4144425560685,8.447841060101869,819.0635138616561,6.926864641030494,Commercial Area,Industrial,Morning
25.178229582536417,60.617463445088006,166.253400754738,2313.1147836965815,7.6025294250526185,540.7937549855444,7.895043395160275,Commercial Area,Commercial,Night
49.72485058923854,22.864280550346272,195.42611650555926,4341.3625270419025,7.923744042772058,710.2427986233115,8.613292957099588,Commercial Area,Industrial,Morning
30.087830981676966,67.17006844058567,248.9225411121605,3635.84534883154,1.099281379857825,314.3501131837484,6.522437028137126,Park,Residential,Afternoon
28.484049437746762,61.81282404578958,61.92638152818096,3713.532605999905,4.745385983617854,471.16789893281464,1.7974424257271115,Residential Area,Industrial,Evening
3.6886947354532795,35.81627180328405,3.2987485975441433,2127.4666722403767,5.332097364717913,821.6368977104717,5.388650287004898,Road,Industrial,Night
60.956433397989684,11.355759219962902,41.06568902064218,1729.6749627348145,1.1727304914075103,459.2651971732139,1.6988440120444457,Road,Residential,Afternoon
50.26790232288615,67.15731955927996,270.00559255443153,1855.1938149230134,3.3383188787053077,357.7982653254418,4.667887279291877,Park,Residential,Night
5.147875124998935,52.03077009037933,262.1670232687546,4938.247818680289,7.842608408099215,494.2124472502999,4.663958402130649,Residential Area,Residential,Morning
27.864646423661142,77.23183917356393,179.2239306510925,200.5459570624124,2.2339873515609914,828.2492524372184,1.5940885972621741,Commercial Area,Residential,Evening
90.82658859666537,52.01635011119934,180.15505813009602,4335.157480612243,5.817791183073325,335.20804737087275,4.139384805725314,Park,Industrial,Morning
23.95618906669724,85.21815003185401,199.51100236387666,2893.377042861967,2.9368168481551375,173.7615931357438,1.9989828891218335,Residential Area,Residential,Evening
14.48948720912231,55.190683877448556,52.61138358703488,2193.0770959479523,1.1090869717950396,712.0140203307808,8.274116890083,Commercial Area,Residential,Night
48.9452760277563,56.093797153538624,274.32358377748795,3626.2883020756826,3.1708131183958734,825.9782127080819,9.529192233680236,Park,Commercial,Night
98.56504541106007,87.66536026583451,125.63115746762193,2433.344707123514,9.782863794190485,100.63747852353333,1.6508482773214475,Residential Area,Residential,Morning
24.20552715115004,40.3482866212397,114.94155847484923,4367.116190408303,8.213834006946907,239.87411275594474,9.596036865625313,Road,Residential,Evening
67.21355474058785,13.401522845064074,155.67531158485127,4503.509320056292,9.636189798889301,141.9719897609939,5.703189394030707,Road,Commercial,Evening
76.16196153287176,2.8782676313338973,14.089790032516515,2108.604634367277,5.390686395337262,347.9414115821666,3.696091101584865,Residential Area,Commercial,Night
23.763754399239968,75.5137255673619,49.88501062682382,1384.138986175258,1.9876257880975317,450.35097890541266,1.6917586774854716,Road,Industrial,Morning
72.82163486118596,62.03095513534647,221.41008492791113,2961.7516429668112,5.931635400763237,748.8263369633065,5.50561841263376,Residential Area,Commercial,Evening
36.77831327192532,70.40797680992236,24.83960037753794,4561.816728083455,5.089396011039648,651.1475848816741,8.150639900416738,Commercial Area,Industrial,Night
63.23058305935795,21.296416150891073,180.94563283991647,1053.310945028333,8.599213744656543,620.9285674784312,7.363778295400284,Residential Area,Commercial,Afternoon
63.35297107608947,13.637147558676975,73.60473290439629,3114.832917817414,1.8827432270582012,352.3749466096544,1.4520341031757638,Commercial Area,Commercial,Morning
53.57746840747585,1.4544665667881929,116.78868421259297,3157.801100462603,5.394170233196004,841.44755308476,1.6561165183111317,Park,Industrial,Afternoon
9.02897700544083,35.058755880659696,86.60812103120996,3665.565112076405,2.3504379822458583,471.28716739816457,4.625859543693734,Residential Area,Commercial,Morning
83.5302495589238,58.991768685463306,106.70181493948473,657.838425636299,3.9220833420105397,979.1049380151545,3.6576144464314897,Park,Industrial,Night
32.07800649717358,39.22440450997323,215.71377155527364,3579.124823410443,7.636213696490197,634.1421382957368,3.0914589075044305,Road,Commercial,Evening
18.651851039985424,43.747492202372904,89.13651468695251,4545.162603328205,5.284163164318898,126.26474156450274,3.5290404901784225,Commercial Area,Residential,Evening
4.077514155476392,90.41586944937484,169.92139208906914,898.4155443512099,4.382994566311924,676.177562075434,8.23134468967196,Residential Area,Commercial,Evening
59.08929431882418,34.82554670233004,142.8151206597299,1187.7166246193883,4.550286507130318,325.104015431699,9.363052482686685,Park,Industrial,Morning
67.75643618422824,51.39894891598108,199.10134960879444,4856.975470208198,5.13502091565388,686.3271966860974,4.645924250748098,Commercial Area,Commercial,Night
1.6587828927856152,78.3653012741143,281.0489217974274,904.8847635474489,8.065148894533511,69.64114816240574,9.154999019192473,Commercial Area,Industrial,Afternoon
51.2093058299281,39.65427823212701,219.7716291630751,4271.925466847895,9.02876220046211,174.88143717595938,3.8934613112309377,Road,Industrial,Night
22.649577519793795,62.20867002278735,64.48211357722703,2461.389282240174,9.598012178535354,855.7372589057863,5.287932877094125,Road,Residential,Afternoon
64.51727904094498,86.23637087467452,9.354940518385401,1236.1553720158852,8.082130476297657,227.1795570235149,3.0342609803439977,Commercial Area,Residential,Morning
17.436642900499145,94.9520623657642,78.67921328994753,4353.7495063625565,3.8386620617321148,837.0411252429401,6.7642843795825955,Commercial Area,Industrial,Morning
69.09377381024659,14.707348092903793,178.52337921007646,2226.5262750133274,7.193212354778879,279.27608845441046,9.81083003657328,Residential Area,Commercial,Afternoon
38.67353463005374,92.65876251614944,15.427744045275105,2574.086769648451,4.938428116498527,642.8819100587076,6.431437864390408,Commercial Area,Industrial,Afternoon
93.67299887367345,49.21162930795382,148.9098741603709,1796.1668469988285,3.2920355984144605,694.150573509831,4.22032675702194,Residential Area,Industrial,Afternoon
13.752094414599325,25.824438829895836,179.05285467506675,2964.754257174637,8.567844214833304,512.654753145053,6.830357013914755,Commercial Area,Commercial,Night
34.10663510502585,45.913575623826134,100.27316724508825,817.6193629251138,1.345837140660925,305.31067669673126,2.106286106188488,Road,Commercial,Afternoon
11.347352124058908,98.0032575285477,231.27366112374656,1955.4076832588034,9.115857929218812,212.64437637109612,8.997931722388588,Residential Area,Commercial,Morning
92.46936182785628,49.26180939928696,31.97947594013154,4847.061611676438,5.153297181622607,33.18935456242622,5.527755557018527,Park,Commercial,Morning
87.7339353380981,32.875161028750824,22.54133452074263,1290.6671635056377,6.7348132912745236,303.9464012407238,5.0441476783567785,Road,Industrial,Evening
25.79416277151556,63.34008543167258,218.456626861081,3283.6833227064612,6.934185299852045,653.162790531283,6.272783096081673,Residential Area,Industrial,Afternoon
65.99840460341791,24.014561877819308,148.64739486185954,1625.9503211234744,9.056059666358827,938.3048184484827,6.623054765104622,Residential Area,Residential,Night
81.72222002012158,7.586332810866391,206.5207189283208,3867.365628433003,6.730027139504866,871.204482263052,1.6459822560386173,Park,Industrial,Night
55.52008115994623,12.887972191064922,130.44820158112387,654.3683035917492,6.525402262840556,766.0647765353026,7.143554991010622,Residential Area,Commercial,Night
52.965057835600646,12.804583895777244,73.92060997173205,4849.105225392724,1.5998683650462096,788.4473432532986,3.177385122839766,Commercial Area,Residential,Evening
24.18522909004517,15.190269351229436,245.7306953022599,2268.947706918196,5.6656721975068365,664.9849034759952,7.4255736925593085,Park,Commercial,Morning
9.310276780589922,13.882717264941014,239.82476369069377,1180.2523167323197,2.3515210073533748,260.286857566003,8.40281314945777,Road,Industrial,Night
89.72157579533267,64.08747448032146,208.40894125632803,367.4837366500633,7.6369039184933705,907.1950307058298,8.235626567972684,Road,Residential,Morning
90.04180571633304,18.188008439914483,81.6435411689888,848.7895254377037,5.60999728731407,670.7323119058341,5.972508706671002,Commercial Area,Commercial,Evening
63.31014572732679,34.56672833238632,177.06920006072613,2598.8697427800885,7.12205001287518,560.4406309804399,5.68152903079676,Road,Residential,Afternoon
33.90297910487007,89.67884099060119,108.29216908200804,1685.0158821564314,1.3750561054214585,110.98946921348107,2.2858836520547055,Residential Area,Residential,Afternoon
34.92095746126609,47.39616402628724,27.474621997990244,4144.416829413048,1.7631281444122289,447.0555438064254,7.978115353628221,Residential Area,Industrial,Afternoon
72.59556788702393,66.75577385210272,275.1940726386728,2154.43761830903,7.4469104925641405,460.3582712019263,3.4426844240204293,Commercial Area,Commercial,Night
89.71102599525771,17.231987120162984,41.04558927568842,1243.5713629381496,1.6487590239880603,864.5636095226699,5.470258805361519,Road,Residential,Afternoon
88.70864242651173,19.228901880867078,285.07120614624074,3085.7249330201503,1.6413105498873275,546.6482201877885,3.5584668363476504,Road,Residential,Night
77.98755458576238,4.086861626647886,133.80173188738672,3533.886084427229,1.108976277113987,380.40054897040966,2.2044552669972384,Commercial Area,Commercial,Evening
64.20316461542878,16.893506307216455,55.539878651585894,835.2095395047493,9.60851258469532,976.8003285106594,6.666019272025629,Park,Residential,Evening
8.413996499504883,27.85903390319586,162.57028421350745,838.0960814415884,7.637575235131062,110.72059332631568,1.4889883134061344,Road,Residential,Night
16.162871409461378,17.70104842767468,261.8837507629225,183.35713466771486,4.179262676518578,422.54842831194463,7.7378071071358,Park,Residential,Morning
89.85541885270793,8.87025337570556,219.66746592286836,3682.0100753282027,3.668820231588897,42.02467517140529,3.85828115735005,Road,Commercial,Afternoon
60.642905965958995,12.06358711006008,241.9683443584349,3319.0226381090256,4.147329067712646,739.9041207669303,1.001212237040368,Road,Commercial,Afternoon
0.9197051616629648,46.077876803272574,197.6350100132152,2373.1543787490696,7.971881780630636,918.0765521991507,5.6001622531350685,Road,Commercial,Afternoon
10.147154286603211,20.63337184057925,207.68296935535574,4220.852244845985,6.95233549963373,280.03732955048946,1.4216671767484281,Road,Commercial,Night
66.35017691080559,36.42698610480755,254.75869546959578,4028.350764750266,2.6667601108072114,858.3416767991209,3.4855260203880953,Residential Area,Industrial,Evening
0.5061583846218687,50.34172708548569,74.90040265775578,2926.7718219837607,2.5669840180067593,292.21823046189775,7.362788387101445,Park,Residential,Afternoon
16.080805141749867,69.03948286293652,146.82748909294213,4341.356402566294,1.8855608474205758,910.7701616439152,1.5642065945967927,Park,Commercial,Evening
54.87337893665861,3.9312139841098936,66.36283254588066,1029.2060501838412,6.942724477312043,753.9619035967839,8.554046431204021,Road,Residential,Afternoon
69.18951976926932,79.94103989090426,296.3004023989941,559.5980969886393,7.8793539599956235,804.9067768414386,1.034379303927248,Road,Residential,Afternoon
65.19612595026005,62.79003894909078,283.217801905984,1348.7480575849481,3.385417854925036,18.006555600454497,3.2214148228171204,Park,Industrial,Night
22.42693094605598,8.17590319488719,11.82804341055177,285.43428044657423,1.1885046492782152,962.810357074026,7.668136505368643,Residential Area,Commercial,Morning
71.2179221347536,87.35786241067773,211.67255175470655,2655.84764000516,1.739545007287846,726.6709920703232,3.846431347563761,Commercial Area,Commercial,Night
23.724908749680008,92.08724005318132,277.5744952246998,4683.028461474807,9.710740313605275,304.75109538613333,1.9170314925941216,Commercial Area,Residential,Afternoon
32.539969815926774,6.107795985486375,54.17260353820006,196.71770334254825,3.659002997296782,829.3946648588469,4.242105269203851,Park,Commercial,Afternoon
74.64914051180241,27.687764814720374,170.38356916578883,610.549570050134,7.923008330543203,281.5211984149299,3.4335395774607296,Road,Residential,Morning
64.96328990472146,80.62012797930613,274.6464892764126,2260.9951414171765,6.621972119688374,872.7538395661279,8.584407119444993,Road,Residential,Evening
84.9223410494178,74.82596903836584,10.183793575739653,4669.375087639524,4.437456756876063,112.58039041193702,3.8201312582662883,Residential Area,Industrial,Evening
65.76128923003434,18.45210193563773,209.226080174052,1580.7805248837526,2.851185359759996,703.6859774607957,8.100392245984064,Commercial Area,Industrial,Afternoon
56.830860333547164,20.93493233367103,89.20470221176522,2536.174043441962,2.092477763434658,540.6984766449103,9.026849303296613,Residential Area,Industrial,Evening
9.367476782809248,37.0472102791382,277.3188586129591,207.86429525196047,6.5351167123498,96.53447019544082,4.904356776188766,Commercial Area,Residential,Afternoon
36.77158030594335,48.45229851910213,291.3174735496103,741.7160048104444,7.971704025740092,241.893828258839,9.189488294689529,Park,Commercial,Morning
26.520236768172545,61.825477153029595,283.27994673403015,4933.150614794235,6.795138281870176,12.40403627731479,4.395862485668736,Commercial Area,Industrial,Morning
24.398964337908357,36.891363956977244,142.26426499723914,4825.5934821802275,5.772719199242425,468.76796546450583,9.676705748410974,Residential Area,Commercial,Afternoon
97.30105547524455,46.25347161331479,258.61279529679405,24.699904672048078,1.3775610108847265,301.2652607600004,1.8036057207301563,Residential Area,Industrial,Morning
39.30977246667604,74.74709381337566,253.3648195605211,4759.058927116195,9.716398998349455,598.3574842977588,7.183173398529185,Residential Area,Industrial,Night
89.20465551771133,3.66832028905979,95.7301419729767,3195.599689077502,8.18842772489117,297.2378077086172,5.444326364112358,Park,Residential,Night
63.11386259972629,25.243694434402077,248.67464224520322,4339.59147260011,3.6353983303086825,299.9191115069847,4.488839249100824,Commercial Area,Industrial,Morning
79.48113035416485,71.33495858845524,11.102290414647786,2273.6992781692957,9.819732964229656,743.1931987316034,6.694406908737408,Commercial Area,Industrial,Afternoon
50.26370931051921,89.52068376871993,178.88096354461592,2577.9801428962514,6.416934306726899,48.142835978353446,7.334713824708981,Residential Area,Residential,Afternoon
57.69038846263591,51.167744211566614,69.00265118631091,2444.2329012846008,6.241803923865218,902.8949951919873,1.0392694268527818,Commercial Area,Commercial,Morning
49.25176938188639,53.211348526531566,36.17006573318364,3334.321287730522,7.732658614865789,852.2638743911815,2.5025777987247886,Road,Industrial,Evening
19.52429877980445,10.717201133977605,23.085960488762748,698.2562737815646,8.305928092811238,667.8046832264065,7.417414455708868,Road,Residential,Night
72.24521152615053,44.741236682345466,208.88663276344192,149.86794936338976,6.9083074659835235,593.2215701073843,6.997468722203858,Road,Industrial,Evening
28.07723624408558,53.261726645502314,101.96248913041984,1539.6497079559547,2.1528617172958002,892.3024981396522,9.694427546158096,Commercial Area,Residential,Afternoon
2.431596643145384,24.247050363472965,217.43003145862843,3523.4038136832337,4.044407553950485,185.33017952871444,7.849340112257047,Park,Commercial,Afternoon
64.54722959071678,26.924323094938096,19.60690223968271,1009.2672606147418,9.352752762934447,78.96916219082861,9.556954369582042,Park,Commercial,Evening
17.711067940704893,37.728416310462265,94.5871013491831,3367.1621666245865,3.0215405065946674,239.5101699095381,7.322864513813263,Park,Residential,Morning
94.04585843529144,2.007119777772637,161.84738771260118,4849.560230536352,4.34950321453762,794.5782787001903,3.6824698777549885,Park,Residential,Evening
95.39285770025873,32.20791655831783,237.21694945168906,469.5035789470919,4.888691946497763,34.67026672648332,1.9482843002577082,Road,Residential,Evening
91.48643902204485,21.144800699654464,95.62575087962098,3363.0105911256314,4.95464490725007,582.8068350834897,8.03641477010442,Road,Commercial,Night
37.01587002554444,32.74973521779147,187.76741293110274,2218.7510965228557,6.5164562424507295,995.4375161913099,6.797342993283243,Residential Area,Industrial,Night
1.5456616528867428,11.976213181925122,265.79332447085613,4340.711271887527,9.487682539702368,855.6960938375394,1.433674111539666,Commercial Area,Commercial,Evening
92.83185625877253,89.0527280739895,184.75895645469137,885.7489472369296,3.1662344064925447,521.4456890435895,4.240454193108805,Commercial Area,Residential,Evening
42.81841483173143,59.359245355404866,69.88784242609013,3463.1297611308228,2.0935123867082623,63.64090928664234,9.611198339358575,Park,Residential,Afternoon
96.66548190436696,67.91023191444896,7.320234466961406,4190.576448240551,2.777234408739436,831.3735143857099,5.503610311391811,Road,Commercial,Night
96.36199770892529,78.91712386073382,261.029662170279,4723.071097370116,8.982324101883425,598.9785081772105,4.894562224177342,Park,Residential,Night
85.300945546736,49.84421989290573,6.380823255116141,3416.240141448229,6.812297313896854,114.93299705956683,5.119296446433646,Residential Area,Commercial,Afternoon
29.444889206958567,8.69202880874237,262.4105018052598,2485.8738200421367,3.573161103152441,93.8572848233562,2.8799445160464736,Commercial Area,Residential,Morning
38.50977286019253,53.71065418185478,158.68114020816358,3089.236201006069,8.343522450717554,909.6268194365924,4.318364537783157,Commercial Area,Industrial,Night
85.11366715168569,58.68411180208791,281.72030955386884,4344.524922393591,8.752329967270924,669.2002629380785,4.328319303884589,Park,Industrial,Night
31.692200515627768,74.54394741843299,239.63497073209962,2853.0487331941486,8.618629048212503,829.2867993167555,1.4711951816872517,Residential Area,Residential,Morning
16.94927466860925,43.16595462296794,299.38023316000124,151.9352984841843,9.27033880275599,878.9789002822673,7.908108656661264,Commercial Area,Commercial,Night
55.68012624583501,12.758030279556376,105.21354463551305,4654.743477534889,3.270169181560254,571.7723520483222,4.7485398871349105,Residential Area,Industrial,Night
93.6154774160781,28.377590579872447,230.15648667933806,3447.633755157806,7.795377358716505,517.4463517550413,8.39961898134781,Residential Area,Commercial,Morning
69.6029796674973,36.30822963986351,120.57927408277264,3382.5669288862327,5.14485547546726,430.4274103209902,8.653132010079059,Park,Residential,Morning
57.0061170089365,64.59172413316013,143.96268609117266,1078.375761988586,8.577986976010553,316.94658779111927,2.9079464922879223,Road,Commercial,Evening
9.717649377076853,57.077830466891186,188.25163896551103,3294.427351163286,7.5564160944545185,434.59596085871175,6.916181339531157,Park,Industrial,Afternoon
61.500722669916975,35.60967258978462,262.10313425590164,1969.3220282707923,7.9880270184975215,773.8796557301564,5.250536237466836,Road,Commercial,Afternoon
99.00538501042632,98.65152487929797,295.22504075978856,3256.1648852074604,6.905456539129643,601.9234310151315,8.921410641293367,Residential Area,Commercial,Morning
14.008401523652402,60.577481935688716,230.48202415935546,532.9651515399536,2.596858925227362,892.5232899548461,2.941666112588087,Road,Residential,Morning
51.832965236373674,23.72267917359945,125.33003465020013,3289.22652301518,5.905242270072445,443.38001437918774,7.100318802790398,Residential Area,Residential,Night
87.73730719279554,10.178247262040374,126.40710068312106,4997.0686288533325,9.862027655720574,607.0895787187541,6.469769100274503,Commercial Area,Residential,Evening
74.07686177542044,15.285913918433202,221.27469047666744,241.06019430278013,9.43649259847407,631.3075530919887,3.6577132981464953,Commercial Area,Industrial,Evening
69.7015740995268,24.595772838450813,71.6331437304907,4885.870921106586,1.388563622173105,591.6971623063255,2.2294081328605535,Commercial Area,Industrial,Morning
70.24840839871092,16.06813732595557,33.1422339394184,2034.539803614353,2.483333341564934,702.6337730855163,6.8647578442954895,Park,Residential,Night
35.94911512197552,18.656702405130577,106.38664729223296,4353.767251686296,2.1855589610910573,237.43346837480627,7.647377123190976,Park,Residential,Night
29.359184426449335,28.50951686938471,86.17169749622452,3911.9274202913675,7.53381918986766,512.3637775457906,3.84064609387015,Residential Area,Industrial,Afternoon
80.93611554785136,17.33735952947548,88.89243613679703,2835.081304933339,8.360067968712507,104.22480280834768,6.803493436200824,Commercial Area,Industrial,Afternoon
81.01133946791808,89.67654246264252,70.08232531497298,3692.2460462566323,2.9216022967960473,384.5113276448125,4.556178168503529,Park,Industrial,Night
86.70723185801037,8.023374566164222,12.627956890908564,4392.57780650674,5.552674236566461,487.66706862126443,7.41886194954356,Commercial Area,Industrial,Afternoon
91.32405525564712,52.451138957025464,5.362180420024143,2020.701608255165,8.5663272521008,652.2242595454725,2.792937474046478,Park,Residential,Morning
51.13423988609378,41.03968269896615,296.3167169208095,1635.1658078161934,7.595213902896255,950.5310525862035,9.01193502372557,Road,Industrial,Night
50.15162946871996,98.23786169086064,128.3319401207587,3337.9669278179235,5.880134849426635,600.6510665483559,3.5866863681902177,Road,Residential,Afternoon
79.82951789667752,11.203890216805235,115.2979941479045,4039.229709706293,6.313129214128956,743.5939161765598,4.310073889805376,Commercial Area,Commercial,Evening
64.99639307777652,39.785559904574164,203.89418480792096,3811.4256738830786,5.57524492224652,506.26605949520274,1.522827568723148,Residential Area,Commercial,Night
70.19668772577033,96.94704332753689,65.47616635951925,3989.0682442931725,3.677936061869385,634.1040313763314,2.0036099108914875,Park,Industrial,Night
79.57926694361011,86.55071258939803,284.9883551850676,2177.916574064665,6.085197935731145,70.93221613377342,5.642757124410953,Park,Commercial,Evening
89.00053418175663,81.707207094928,235.90350432466562,4089.171080875108,7.199967718450816,254.39158084184697,3.4083340905517434,Road,Commercial,Morning
33.79951568515358,25.790282704493983,26.823300693677854,601.0452768530422,8.859906242747268,361.8530932051387,8.51932203167975,Road,Commercial,Evening
37.5582952639944,17.088758739006582,125.2742327354785,2722.4454898042477,6.726622185813232,472.4933550065136,1.1322404978945846,Residential Area,Industrial,Night
9.3981939840869,66.8643219924431,263.7354922686494,28.793302490607854,7.850093833388422,45.64874550238373,4.411846438047426,Residential Area,Industrial,Morning
57.8280140996174,92.93759891275857,283.4196066874231,1622.9291495013515,2.4406447145911567,140.0240975533177,4.0361099209218345,Residential Area,Commercial,Afternoon
3.5942273796742086,55.67628930139298,140.22045337496093,1832.3076743569893,5.154017269778109,276.8143077913058,1.1739486782584092,Commercial Area,Residential,Afternoon
46.55980181324602,57.161268946989985,184.0234167632123,1980.863458046277,1.0839845784438396,971.5326909010506,2.119315591004592,Road,Commercial,Afternoon
54.26446347075766,27.997909366028416,50.11018382762257,3477.336033449311,3.220109780694607,331.34700710305077,4.722784074267717,Commercial Area,Industrial,Night
28.65412521282844,76.94929331919369,297.350587841093,1942.7905063517287,7.5381554360170435,482.0410581120825,5.43578126002702,Road,Industrial,Evening
59.08332605690107,18.704374855752338,69.50151041503302,2243.468113112653,9.926289562144271,196.09771273839294,4.638607725293822,Road,Industrial,Morning
3.050024993904943,32.367923640424365,282.8195322405377,1187.7206543716372,1.8926028962849433,610.7800710757682,5.778439105708845,Park,Commercial,Afternoon
3.7348188749214417,42.54364386164168,194.89399469771053,1866.2589581467005,4.613448842751595,280.6832155159743,6.356185074151134,Road,Residential,Morning
82.26005606596583,50.7610378684455,182.32103846365774,1136.3481363157573,8.200638718292435,206.9925784384268,1.0893143901505207,Road,Industrial,Night
36.019064141126286,24.240973241508023,153.8065533049526,365.9796188422182,2.8363207116600897,516.572628445979,5.176856435081535,Commercial Area,Industrial,Afternoon
12.706051265188478,11.483682473920354,69.20094351532761,3017.2429669068897,5.995764543720576,5.505799160420821,9.671493167988295,Road,Commercial,Night
52.224326005480435,61.06200424416326,52.95840960165248,3341.0639927750813,7.597641664267073,7.6640326492253275,5.671290521165939,Commercial Area,Residential,Evening
76.99935530986109,28.863055324025577,66.14586272105261,3097.4517300480725,6.543869052341611,219.06880910185777,7.097880407130579,Residential Area,Commercial,Night
21.582102749684317,58.123822142261226,55.93147864327636,2317.4702190028615,2.692222611538745,36.721362500821144,3.8067747212519487,Road,Industrial,Night
62.28904758190003,15.436271527420232,233.875342070026,1898.9289008961491,4.198461118171655,108.02575413069138,7.965922403374863,Road,Residential,Evening
8.5347464993768,48.114010185481746,105.03757775001903,4316.6682478591265,8.054126060368574,338.8606493387516,7.956293336885036,Commercial Area,Residential,Morning
5.16817211686077,53.258943255158584,17.35280296901891,2595.4089256810903,5.98803862718815,802.5856795798129,5.69166442888725,Residential Area,Industrial,Evening
53.1354631568148,5.182353682242691,290.7307890422434,2395.9093881486547,1.0470665218862147,572.0486433693009,9.784124409512922,Park,Residential,Evening
54.06351216101065,33.660427819392055,265.13576548902773,128.21032903217844,7.848916840252844,512.6677259564165,2.1299519328638805,Residential Area,Residential,Night
63.742990149820656,13.441467693897424,278.3256849585639,1706.2391381307818,1.3178021944621516,293.48882320812163,1.152528984006229,Commercial Area,Commercial,Morning
72.60913337226616,6.337497047276774,298.47234679393057,1900.9780939292853,7.711604044581089,931.7537194328164,7.931423905813864,Residential Area,Industrial,Afternoon
97.58520794625346,98.99602323899452,52.16857476584619,1994.1139044845024,2.8223250414871366,397.01504123719167,8.264399836283943,Commercial Area,Industrial,Evening
51.630034830119534,32.235384497472296,118.87260567079763,2900.8618461366614,9.622661321074421,87.0927667957715,2.0818650620851864,Commercial Area,Industrial,Morning
32.2956472941246,80.98744458546349,227.47154271122739,2668.012733634392,4.31146676171876,617.0665161178013,3.390245496627455,Park,Industrial,Evening
79.51861947687037,25.464065476376383,208.80618541613768,3039.525463967223,3.942384547042712,113.83839347660141,1.1579712702996603,Road,Industrial,Evening
27.083225126207424,68.15027222239293,46.16877190195652,3824.4163077106414,2.339992452992002,345.22314280169206,3.639777497025082,Commercial Area,Residential,Evening
43.89714207056361,76.02278598896865,244.74993749718533,4064.9286935804676,3.750437939411934,507.4119387178089,7.958276865268044,Commercial Area,Commercial,Evening
7.845638134226595,59.56387406078443,67.3321715509982,3590.615381132472,8.889856856453804,874.2225246851758,5.6616447494132105,Park,Industrial,Night
2.535074341545751,47.15761885501584,67.14528444678692,4777.618479774674,9.967009038645227,493.5465803401187,4.132860338514593,Commercial Area,Commercial,Morning
96.26484146779251,41.18409141472685,161.09232686802406,91.16291338180815,4.314785774561635,702.2587660316642,4.345653654156973,Road,Commercial,Morning
83.59801205122058,34.88682665429953,177.88198045251096,978.8899284177305,5.037495678590883,992.8168389990703,1.0121826314392135,Park,Residential,Morning
69.59742060936979,92.95291442478259,174.02586235134336,37.8143748907106,7.498638443824634,131.48911989798162,3.698204748087123,Road,Industrial,Evening
40.89529444142699,83.06194077877291,27.446051219326463,3237.373570773015,8.97576202418567,274.7315255195195,6.8181286747413745,Road,Residential,Night
17.329432007084577,96.50269106665125,263.2382587891141,4490.152744749935,6.337399007681057,394.5760755976464,9.767749994347215,Park,Industrial,Evening
15.643704267108605,12.429722348554472,79.68001277661182,1217.4114828814963,4.523731283600464,421.82817853883137,8.623547442855095,Commercial Area,Residential,Evening
25.024289816459532,73.08674752036443,38.85447638484125,4635.172723981534,4.713596567637614,411.0210752655458,1.2123546818097621,Road,Commercial,Morning
54.92266647061205,93.83404568210378,266.62442396069315,301.33695144780427,7.260563318471262,907.6110025565549,9.087045442073554,Road,Industrial,Evening
71.45959227000624,18.123306616566015,286.69544946892603,4672.1801340275715,1.0289643724385082,714.0326444668565,8.048785719687633,Road,Commercial,Afternoon
66.01973767177313,6.6496267366777495,258.6382851796352,1758.1134361981722,6.576304037138566,607.9052140907038,8.023385112138824,Road,Commercial,Evening
27.993389694594285,74.11206492900591,242.85482241746342,507.1041422460826,4.199437093972216,309.3727178627821,5.121961831032143,Park,Residential,Afternoon
95.48652806631941,57.44731131799119,196.57259419170651,2429.3587959316283,8.147775981493758,823.7903842212947,4.582047636590525,Park,Industrial,Evening
73.78969166957685,84.1828776758272,165.2572111827418,1283.8828386025398,1.8369157584081894,955.060511484989,3.7262415594987335,Residential Area,Commercial,Night
55.43540525114007,13.97723766262895,26.09602797342304,1424.3645098096142,6.2938204025355144,821.1982825502265,1.591253730589292,Residential Area,Residential,Night
61.17207462343522,79.52673118598902,122.53596392120961,1536.4498246314329,5.328756008975113,1.5651051914729042,3.0541182714432917,Road,Industrial,Morning
41.96000624277899,20.162732004774455,111.8065551036942,4015.129489163317,6.780929733147047,636.401370183407,3.2194327148022217,Commercial Area,Industrial,Evening
24.773098950115745,16.36559428657045,77.92613512809787,2695.8063833762726,1.5836823503467152,51.13538144210072,5.356693627391814,Road,Commercial,Afternoon
35.597267865126156,16.426579793099293,217.02603410657548,1556.5384957800181,6.219854086853181,257.60722033372184,7.726999659370246,Commercial Area,Industrial,Afternoon
75.78461104643691,81.45747202313821,148.76272052363123,3051.6689165545918,6.053361291635714,59.524700347771685,5.26428845558152,Road,Commercial,Evening
1.4393488629755868,66.51972206962002,24.31386477229438,3580.7533711159676,6.045940849745539,603.7954529493877,1.5206000450244455,Residential Area,Industrial,Afternoon
11.607264050691624,52.30654247691193,66.0549605849434,1363.120003667669,6.431388999368093,686.5899134926068,9.620108208893836,Residential Area,Residential,Night
4.600264202175275,35.88304841235025,204.97762909787878,2067.7455076267574,7.08821143503726,114.48763806590512,9.48451887184701,Commercial Area,Commercial,Afternoon
4.072880231897013,87.72005408131082,22.839257847090057,609.4304666847378,8.244900997126928,383.83888304497947,8.066705888335676,Road,Commercial,Morning
85.54605840110072,39.244510742263536,255.3620742146306,905.7467476734016,3.428386481153929,456.23650895554204,9.921951114077984,Commercial Area,Industrial,Night
70.36578593800236,81.65994394715771,148.54395810419228,3405.589269824914,8.425444691620559,369.0530217609166,5.900340995202367,Residential Area,Industrial,Night
47.41738290873252,43.91349085702184,144.1759731979944,907.1917384781348,5.484301140371082,121.02500048519305,9.664915152278855,Road,Commercial,Night
9.783416065100148,37.69444294249076,177.7223353978553,2625.8169183353007,1.6935245122089806,418.9477901874754,1.680445365550757,Road,Industrial,Evening
49.16158751168324,46.26797856696064,247.40428977754476,3545.2313086121635,1.5269583631958128,751.1780478084181,4.291126734352342,Commercial Area,Residential,Evening
47.34717707805657,30.13778741641421,104.34276237065791,534.3846154737192,4.008144868264547,71.00766453325546,3.0284314120608924,Park,Industrial,Night
17.320186991001517,74.76093801762511,203.40484576771905,2836.561098144518,8.064072794003208,80.18001408190345,2.7624977572084304,Commercial Area,Residential,Evening
43.385164923797305,50.27203900924791,169.7195891987373,1282.8139185068187,7.369128412668242,354.77129183598424,2.267226540034085,Residential Area,Residential,Afternoon
39.85047343973734,23.22126951468173,80.1084810508264,4814.634376187899,8.09753468205166,941.7257116189251,6.60172277409397,Residential Area,Residential,Evening
61.585009805221645,89.95745732745685,263.5889959065474,2417.7282335996238,5.655421507974484,668.5726467229141,8.031896701725746,Residential Area,Residential,Evening
63.50936508676438,38.38912213732114,239.22780648207842,4029.9627488757906,4.961790981599415,678.6699566725648,6.204685594783246,Residential Area,Residential,Night
4.530400977204452,54.35528611139886,197.53555039752766,2751.132710781309,2.3270727403565554,361.919990837865,2.322664386293887,Residential Area,Industrial,Morning
37.46126146264712,90.6472110964547,255.17451872827257,217.06266427409582,3.953734782483804,593.6607912085384,8.300113929401238,Park,Residential,Morning
62.58599157142364,62.42379959139921,260.1882602879407,3165.756877970112,4.9061742955648775,10.131184027743378,6.723592364473556,Road,Industrial,Morning
50.31362585800877,11.689804070836407,212.50889301451045,4757.016711033285,1.797403867116555,636.0960464095422,4.493491355142959,Commercial Area,Residential,Afternoon
85.64898411883223,93.98321236134751,251.10399850910161,3008.059100731656,2.985507574400901,913.2869475762367,7.067172659824567,Commercial Area,Commercial,Evening
65.8693631618945,62.770805307141785,209.24143850078508,4095.944297133951,6.384027646573649,612.5734683448192,3.3391448131854955,Residential Area,Residential,Morning
16.29344270814297,33.49056146570861,204.04223152809013,4421.032316742039,7.620968028152708,873.6985934663451,4.106729876447894,Commercial Area,Commercial,Night
7.056874740042984,13.927207266338726,185.5834134645553,1140.3988597446623,9.985127602536547,723.9730554660938,9.257372588187913,Residential Area,Residential,Morning
64.24192782063156,79.4025189270296,225.81499186729238,1060.2241995411332,9.39801998209202,120.55841640369025,3.6145405510427837,Park,Residential,Morning
2.6511310541621813,62.00727559285135,47.58153158792211,3054.9049442549585,6.783086795816724,902.4533072858417,5.229894413421429,Park,Residential,Evening
58.57755812734633,53.34610919763215,264.26122775967855,2055.1423490335237,4.791232479646649,66.44384435577489,9.011270236564132,Road,Commercial,Evening
94.02302414249576,89.38925830509577,261.5530583235696,4199.306514333602,6.725596282374094,533.9674725477638,7.369492152407747,Park,Commercial,Evening
57.5474177875879,78.85972112245308,8.774184910367744,4500.115616990056,8.070864562722088,142.13712379345768,1.5598290354823248,Park,Residential,Afternoon
38.816992620652194,15.167487973275119,247.7450251694288,1767.1068965135905,2.065025718310486,11.706610730904066,2.325727398510733,Road,Industrial,Afternoon
64.32882184423532,31.172206779554823,38.66096024203356,1184.3527948724102,4.689144007266594,422.034260127639,1.0705743169472512,Commercial Area,Residential,Morning
45.825289049151664,24.848913981446575,100.53565627774258,3902.627576219309,8.558220570720554,295.0407076541562,6.678296112062471,Residential Area,Commercial,Evening
54.56167893159349,74.3946292572677,223.05247688748233,1374.0301777406805,4.4544965673973955,486.00049379760304,5.029060828693765,Residential Area,Residential,Morning
94.14648087765252,3.353243473577938,48.22796881449246,4113.071592568392,6.146850441044679,577.1998867345508,2.2084736581204796,Commercial Area,Commercial,Night
38.610263780077425,56.98896848713165,245.39010723571866,2118.691268243814,6.289924247759784,43.73907230894736,9.621407089510933,Road,Commercial,Night
96.11905638239142,76.24586857406905,249.6402533873226,3337.7494964573525,2.6602862782027543,123.00329512374563,5.766937515510579,Commercial Area,Commercial,Evening
90.53506419560637,87.67656367617495,152.24032012825086,477.6765691733409,4.260118974870595,558.6423964504254,3.1770396470160027,Park,Residential,Evening
19.579113478929642,34.20817487159075,1.915761515050074,3119.296623382865,4.01060159867739,343.16735317265824,5.505432140392368,Road,Commercial,Night
6.9361300875165455,82.12573046720128,86.11143995247383,2258.8383936861455,1.235770376788583,729.1734875494479,7.11658299461597,Road,Commercial,Evening
10.077800137742665,11.063173695520723,185.07807551272265,2933.0423158773706,1.217725875022197,652.2916485919396,1.6861529617620803,Road,Residential,Afternoon
1.8221825651549728,84.64522917345182,294.35585340822706,840.0710387243171,8.485273393081961,845.6043629899068,3.472334335431028,Residential Area,Commercial,Afternoon
9.44429607559284,12.748866233198243,189.54405810500052,3684.3687247209104,3.457637289755312,692.4928266692253,8.262689417955944,Commercial Area,Residential,Evening
68.30067734163569,39.72872905603673,77.94107431924793,4313.985387716143,5.662708896149339,429.9310773901481,5.136983833623951,Road,Commercial,Night
7.118864846022898,79.72953657795536,190.2017109298834,1083.6990004538782,3.6885301622989575,672.9666223944324,5.919194278290654,Road,Industrial,Morning
31.89756302937613,14.991742734877377,161.99561391475663,478.57277760080865,9.466113206038065,275.3811742554185,4.895344019885224,Road,Industrial,Evening
84.48753109694546,22.92513952326415,233.9536185453431,118.19293023168198,3.3336708297919637,306.3134987782127,1.395099483787046,Commercial Area,Commercial,Evening
2.3271935735825866,72.22525683930662,32.094191648087524,3209.85750221633,4.866911314650416,788.9851599207933,2.4917480183814034,Residential Area,Industrial,Morning
81.44684825889358,72.00365365460743,228.3083707506084,3035.4701804439037,8.854572254361416,446.4195164015822,5.009874748677018,Park,Residential,Evening
28.185477477339994,64.11476328852973,162.37997360283308,2733.48706357035,8.577402101126278,798.3803405183525,2.8826691886713505,Residential Area,Industrial,Morning
11.816482762165625,69.39484444671,288.8976011576984,1159.735480579877,2.674912760616496,822.4223736682784,1.4498112579371085,Road,Commercial,Night
69.67371653641507,54.27244433475962,102.56164981160583,1954.5299795275735,8.223789788161394,857.5623376612838,8.592846976466413,Residential Area,Commercial,Afternoon
62.8942846779884,25.179905890695274,189.78656794018443,2972.381675930865,5.123681980641034,916.6352358412073,9.830732762477043,Residential Area,Residential,Night
87.74720135270529,34.56959935039195,279.60843165300525,2483.834294295847,5.346719848768197,430.9852205132962,8.138285865970655,Park,Commercial,Afternoon
73.50710438038858,18.159771680142565,30.75291839720378,4938.927601074436,2.201319751743494,318.86681832113885,8.684064295342004,Commercial Area,Residential,Morning
80.34809303848486,90.84505613336283,281.1685461709353,682.1987627836656,1.7254136238141218,582.1987465941139,3.1777941728534085,Commercial Area,Industrial,Afternoon
28.203457257130648,58.339179476612046,206.365716690244,3475.722770237969,7.551453762763886,371.1724234376276,9.645642779618798,Residential Area,Industrial,Night
17.743954377972283,40.08514167636399,20.35111773155157,2021.5938405214606,5.468150371197698,601.074166800233,2.7723313400808554,Residential Area,Residential,Afternoon
75.06147516408583,46.20058036441327,90.28907008404488,2140.998074628074,4.931656323536616,705.5858626438246,9.562868293256491,Commercial Area,Residential,Morning
80.6834739267264,94.72833396118153,212.45162659358448,3587.988828290881,7.5655740578715704,688.4050184921368,9.95337364569356,Commercial Area,Commercial,Afternoon
99.05051420006733,15.33514031160802,20.20518044063151,3462.180756621848,7.889616090919988,374.5528870201214,7.405505251714438,Park,Industrial,Evening
41.26176769114265,58.62298320167972,174.65113805288198,4956.279968510941,2.430173509024182,166.86020169875283,9.830293586126396,Road,Residential,Night
37.201808579278314,50.5888678884466,103.76491708588702,641.9714472706262,6.492026345298772,430.52933846220753,6.125858016103933,Residential Area,Industrial,Evening
77.64129607419969,61.14542354346478,186.27465533024312,520.5482469208317,2.2181867404991698,142.59414408190872,3.335876048584813,Commercial Area,Residential,Morning
34.08035402530179,1.8110183820840509,13.722610143753855,3621.694085643706,7.762375774261411,890.0970351838083,4.932962970990587,Residential Area,Industrial,Afternoon
93.07573256035647,87.21239089441515,261.4610418457129,2891.9345850320456,6.912596406404256,345.8774607378574,6.342048418409074,Residential Area,Commercial,Evening
85.84127518430118,93.21182824836124,292.0466907532191,1370.8033327990292,9.609531589751121,154.45974722332377,1.6577340582431348,Commercial Area,Industrial,Evening
42.89940273750184,56.51331835892089,290.66335658570745,397.096844944933,1.6206221472077906,25.44775990575088,6.601089381555215,Park,Industrial,Afternoon
75.08710677914974,69.66508238768922,224.89554952287742,428.2912479821527,1.5134924903612887,645.8223862864843,9.83060053086065,Residential Area,Industrial,Afternoon
75.45428740846823,92.24993811772957,39.02587203918959,4470.954373320591,3.539683672238801,636.9023174547432,2.7109688480535485,Park,Industrial,Night
